p_id,pf_name,pl_name,age,gender,pickup_location,destination,phone_no,email,connection2
200,yadav,sanjeet,40,m,ctm,vastrapur,589632589,sanjeet45@gmail.com,103
321,parihar,rohan,25,m,lambha,narol,9998653265,rohan58@gmail.com,103
500,rajput,neha,23,f,isanpur,naroda,9966332255,neha45@gmail.com,102
520,patel,manju,41,f,isanpur,vatva,5874523698,manju12@gmail.com,102
852,solanki,dhaval,23,m,ctm,vastral,9966332255,dhaval269@gmail.com,101
1235,gupta,shivani,25,f,sghighway,shyamal,8956237845,shivani36@gmail.com,107
1400,malviya,riya,31,f,cgroad,navrangpura,5874963258,riya25@gmail.com,109
1810,prajapati,arjun,22,m,hatkeshwar,ctm,9966338855,arjun25@gmail.com,105
1851,singh,kavita,30,f,cgroad,sghighway,7896541237,kavita568@gmail.com,103
2300,patel,dipak,28,m,vatva,hathijan,8956237418,dipak58@gmail.com,105
2344,rajput,falguni,30,f,shyamal,anjali,9966332255,falguni58@gmail.com,102
2365,yadav,neha,23,f,khokra,isanpur,9865326598,ne25@gmail.com,107
2564,patel,mehak,35,f,makrba,sanand,789563258,mehak58@gmail.com,101
2598,ayre,nitin,30,m,maninagar,laldarwaja,996563258,nitin25@gmail.com,108
2632,solanki,jignesh,38,m,iskon,makrba,9988665533,jignesh89@gmail.com,109
4512,patel,shravan,40,m,sghighway,naranpura,2589631478,ps58@gmail.com,107
5000,vyas,nilam,25,f,naroda,degham,9874563214,nilam369@gmail.com,105
5241,luhar,pravin,23,m,degham,naroda,3355896523,pravin89@gmail.com,110
5600,rajput,pawan,32,m,gota,sola,258987415,pawan25@gmail.com,110
5800,sharma,nikita,40,f,vastral,ctm,9865329865,nikita45@gmail.com,104
8000,patel,divyansh,41,m,ctm,vastrapur,9966332255,divyansh9874@gmail.com,105
8541,suthar,shweta,25,f,naroda,ctm,7896541236,sh369@gmail.com,108
